custId,firstName,lastName,email,balance
28995,Veradis,Zuan,vzuan0@msu.edu,5871.97
19019,Rhody,Garrity,rgarrity1@foxnews.com,6315.03
12129,Bernardine,Franke,bfranke2@china.com.cn,4708.83
25902,Jolee,McManamon,jmcmanamon3@cbsnews.com,7833.61
29006,Gibbie,Brasseur,gbrasseur4@shop-pro.jp,12715.91
19445,Matty,Stritton,mstritton5@last.fm,2343.58
21347,Genovera,Schnitter,gschnitter6@senate.gov,9795.25
13466,Dulcine,McArley,dmcarley7@hc360.com,17359.95
23656,Heda,Smalman,hsmalman8@mail.ru,3938.75
24398,Quincy,McConigal,qmcconigal9@tinypic.com,11256.87
28260,Mohandas,Roxburch,mroxburcha@de.vu,2971.06
27002,Olivia,Huxstep,ohuxstepb@guardian.co.uk,9356.19
10627,Charissa,Hinkens,chinkensc@photobucket.com,1471.23
14606,Alyda,Berkelay,aberkelayd@liveinternet.ru,15580.55
22375,Alistair,Bock,abocke@youku.com,16262.25
23354,Patti,Ourtic,pourticf@sitemeter.com,19326.08
22428,Cherry,Stinton,cstintong@theguardian.com,10945.19
23659,Arabelle,Tedman,atedmanh@addtoany.com,14159.28
16916,Ferdie,Ruddle,fruddlei@spotify.com,18307.0
14331,Alie,Aindriu,aaindriuj@fda.gov,408.28
15341,Peggi,Tomaselli,ptomasellik@histats.com,19277.1
26740,Kassey,Arnaud,karnaudl@drupal.org,14032.16
19586,Conney,Loughlin,cloughlinm@xrea.com,15924.29
25395,Denni,Giorgeschi,dgiorgeschin@time.com,5126.93
15094,Cesya,Corpe,ccorpeo@flickr.com,13014.47
21467,Reid,Meadus,rmeadusp@cbsnews.com,14200.59
16633,Galina,Greated,ggreatedq@pbs.org,1663.06
15795,Say,Bruckental,sbruckentalr@reuters.com,157.93
22239,Cecile,Persence,cpersences@vkontakte.ru,7886.49
16727,Traver,Gallyon,tgallyont@youtube.com,7468.94
19588,Othelia,O'Logan,oologanu@so-net.ne.jp,17366.55
23253,Stanwood,Heijnen,sheijnenv@google.com.hk,3217.15
15430,Nevil,Wildin,nwildinw@sciencedaily.com,5698.36
21455,Merle,Kosel,mkoselx@macromedia.com,16007.25
26048,Abram,McLaine,amclainey@typepad.com,3781.08
14821,Bridget,Holdworth,bholdworthz@fastcompany.com,9898.31
18689,Jenna,Wreak,jwreak10@businesswire.com,2771.29
29321,Prisca,Betser,pbetser11@joomla.org,5786.25
12319,Robinet,Helling,rhelling12@newsvine.com,2474.25
22672,Guntar,Egginson,gegginson13@yahoo.co.jp,16495.47
12212,Wendi,Basilio,wbasilio14@narod.ru,2151.57
10059,Vivianne,Michurin,vmichurin15@miitbeian.gov.cn,19131.69
22876,Jessa,McClay,jmcclay16@unc.edu,18015.59
18368,Kaycee,Veryard,kveryard17@list-manage.com,14638.05
17622,Olivette,Syce,osyce18@mayoclinic.com,3896.99
16246,Christoforo,Blazynski,cblazynski19@macromedia.com,455.97
22315,Allin,Caulliere,acaulliere1a@smugmug.com,12151.02
20021,Meris,Getten,mgetten1b@behance.net,15732.35
25753,Cody,Flipek,cflipek1c@quantcast.com,17017.05
26772,Regina,D'Souza,rdsouza1d@sourceforge.net,10157.06
11003,Van,Mayman,vmayman1e@si.edu,13313.59
23805,Pepi,Fortnam,pfortnam1f@slideshare.net,11192.99
28504,Corrie,Gillooly,cgillooly1g@salon.com,11433.09
26822,Ginger,Menico,gmenico1h@earthlink.net,13079.48
16877,Collie,Couves,ccouves1i@homestead.com,17172.85
29403,Fidelity,Etchingham,fetchingham1j@cbsnews.com,1294.31
16804,Link,Kencott,lkencott1k@angelfire.com,18432.05
19717,Curran,Cleef,ccleef1l@scientificamerican.com,11243.92
25735,El,Martin,emartin1m@sourceforge.net,18605.99
10786,Perice,Vallender,pvallender1n@is.gd,10591.58
10187,Tracie,Hinder,thinder1o@nba.com,2577.42
19101,Ophelie,Mustin,omustin1p@chicagotribune.com,10011.16
15402,Gard,Veal,gveal1q@cbsnews.com,12313.95
16444,Rowen,Lomansey,rlomansey1r@wikimedia.org,14186.58
22222,Tiphani,Duxfield,tduxfield1s@accuweather.com,9027.86
17164,Rose,Smurthwaite,rsmurthwaite1t@mayoclinic.com,15815.73
26410,Othella,Vallentine,ovallentine1u@paypal.com,6910.88
26305,Drona,Winsborrow,dwinsborrow1v@bing.com,9547.02
17189,Marice,Murkin,mmurkin1w@deliciousdays.com,7141.22
19420,Silva,Mableson,smableson1x@wufoo.com,2875.32
23484,Rosella,Oxx,roxx1y@omniture.com,1896.73
14890,Siward,Polk,spolk1z@topsy.com,2962.55
17110,Sigrid,Outridge,soutridge20@mail.ru,18259.82
15016,Terrence,Ingraham,tingraham21@i2i.jp,4985.68
11402,Guillema,Flecknell,gflecknell22@slashdot.org,16197.27
25777,Janice,Lovell,jlovell23@amazon.com,10959.02
15836,Leland,Tansill,ltansill24@soundcloud.com,11709.94
26586,Bobbi,Denman,bdenman25@weather.com,1040.96
28748,Dana,Kyttor,dkyttor26@altervista.org,8671.52
16653,Leora,Sherer,lsherer27@tamu.edu,17294.36
24684,Mufinella,Aylott,maylott28@over-blog.com,16067.51
25414,Win,Marner,wmarner29@aol.com,5778.92
15356,Anastassia,Harcus,aharcus2a@seattletimes.com,12013.08
24869,Merrily,Okie,mokie2b@wix.com,6154.6
29978,Harper,Summons,hsummons2c@google.de,6663.57
16554,Teodor,Berryman,tberryman2d@g.co,4117.09
23292,Jaquelyn,Bwye,jbwye2e@blogs.com,5163.16
29158,Padriac,Healeas,phealeas2f@de.vu,19483.59
24265,Fax,Sang,fsang2g@princeton.edu,17393.77
11017,Cass,Rasell,crasell2h@vinaora.com,7912.54
28646,Gussi,Laffan,glaffan2i@shutterfly.com,13988.8
14605,Vita,Siviter,vsiviter2j@ocn.ne.jp,18193.73
12840,Eada,Ongin,eongin2k@wufoo.com,2478.45
24192,Ernesta,Sirey,esirey2l@boston.com,18889.58
25324,Sindee,Dagon,sdagon2m@sciencedirect.com,13371.95
29757,Hermy,Myhan,hmyhan2n@ox.ac.uk,2735.42
21278,Francis,Christer,fchrister2o@mtv.com,9870.34
17387,Aldous,Crispin,acrispin2p@mapquest.com,2057.48
22443,Guillermo,Sumers,gsumers2q@dot.gov,6058.3
24653,Hyman,McMullen,hmcmullen2r@ted.com,11307.28
13877,Violante,Duny,vduny2s@mozilla.org,13502.39
14750,Shaine,Cottell,scottell2t@histats.com,6916.01
19388,Nedda,Tiffany,ntiffany2u@hexun.com,12327.59
15321,Lora,Bollen,lbollen2v@theguardian.com,11087.39
16515,Arny,Mellings,amellings2w@gizmodo.com,7934.55
26740,Aube,Van der Linde,avanderlinde2x@canalblog.com,8036.55
27387,Josi,Twell,jtwell2y@tamu.edu,15274.35
19483,Siouxie,Cokayne,scokayne2z@ow.ly,7519.4
18210,Cecil,Kingaby,ckingaby30@surveymonkey.com,10270.01
17274,Harriett,Dudill,hdudill31@eventbrite.com,3757.77
10524,Chandra,Crack,ccrack32@cnbc.com,5060.05
22953,Connie,MacFie,cmacfie33@webnode.com,13846.14
12474,Lenore,Corrett,lcorrett34@ning.com,13972.4
21652,Nappy,Bummfrey,nbummfrey35@joomla.org,15033.33
24845,Honey,Guarin,hguarin36@geocities.com,5908.92
28459,Ki,Graalmans,kgraalmans37@narod.ru,15450.69
26709,Martin,Mertsching,mmertsching38@behance.net,5670.59
10210,Cristen,Elcox,celcox39@jigsy.com,10949.68
10198,Oliviero,Durrand,odurrand3a@slashdot.org,8543.95
16102,Bruce,Polle,bpolle3b@unc.edu,14514.01
18758,Stephannie,Lacase,slacase3c@wikia.com,14549.98
10439,Karen,Griswaite,kgriswaite3d@dropbox.com,11335.31
27067,Ramona,Blunsum,rblunsum3e@ehow.com,3325.37
23573,Rosabelle,Ughetti,rughetti3f@lycos.com,4691.18
21362,Kakalina,Amps,kamps3g@princeton.edu,18557.5
13824,Kit,Beardow,kbeardow3h@cnbc.com,4230.1
13878,Leda,Dohr,ldohr3i@boston.com,780.25
16299,Eddy,Warlowe,ewarlowe3j@sciencedirect.com,16759.54
25250,Sascha,Perigo,sperigo3k@marriott.com,4673.48
29642,Rhianon,Dood,rdood3l@census.gov,3944.73
13803,Hurley,Wreakes,hwreakes3m@plala.or.jp,4472.44
10462,Wayne,Lestor,wlestor3n@hugedomains.com,14300.47
24603,Shirline,Cathrall,scathrall3o@elpais.com,9630.9
27498,Templeton,Bednell,tbednell3p@sun.com,2902.22
27858,Sherm,Coskerry,scoskerry3q@nydailynews.com,6619.52
25748,Roxine,Hanaby,rhanaby3r@tinyurl.com,14872.13
25628,Haley,Cruikshank,hcruikshank3s@newsvine.com,5916.98
24208,Arvy,Aslet,aaslet3t@washington.edu,9130.4
27616,Erroll,Daines,edaines3u@joomla.org,12238.08
24832,Rafa,Hradsky,rhradsky3v@arstechnica.com,9817.14
10301,Dyna,Cranidge,dcranidge3w@indiegogo.com,12866.03
14971,Sean,Roma,sroma3x@spotify.com,11458.64
20741,Halimeda,Newtown,hnewtown3y@dedecms.com,13802.78
18346,Waylin,Oughton,woughton3z@ow.ly,16784.74
16707,Jens,Dennidge,jdennidge40@ucla.edu,9811.47
27384,Hewett,Stanfield,hstanfield41@themeforest.net,16885.81
26225,Kirsteni,Denes,kdenes42@addthis.com,4123.9
18495,Avie,Silcock,asilcock43@cbsnews.com,6215.96
17847,Ben,Dungey,bdungey44@google.com.au,14321.48
17288,Letta,Brown,lbrown45@mail.ru,11539.38
20038,Micki,Filchagin,mfilchagin46@howstuffworks.com,14092.76
23187,Brooks,Edison,bedison47@phpbb.com,12062.27
11901,Farr,Dimitriades,fdimitriades48@devhub.com,8513.78
24470,Sheilakathryn,Haryngton,sharyngton49@etsy.com,1927.21
25845,Fiona,Lutwidge,flutwidge4a@live.com,2435.37
16794,Charmaine,Longridge,clongridge4b@symantec.com,15129.65
17971,Richmond,Skepper,rskepper4c@wikimedia.org,2863.45
19442,Skipton,Meneer,smeneer4d@uiuc.edu,12131.89
11504,Veronica,MacLeese,vmacleese4e@tamu.edu,16531.76
19784,Letisha,Caltun,lcaltun4f@histats.com,13668.77
24018,Ramon,Massei,rmassei4g@sciencedaily.com,11818.65
11226,Ulrikaumeko,Wrankmore,uwrankmore4h@admin.ch,11154.35
13278,Jackie,Scone,jscone4i@deliciousdays.com,3277.22
18116,Bridget,Caen,bcaen4j@lycos.com,8939.1
28851,Bary,Beccero,bbeccero4k@army.mil,17743.34
25510,Dulcine,Rowlin,drowlin4l@reuters.com,3121.89
23048,Sabine,MacElharge,smacelharge4m@oracle.com,13068.57
10735,Flory,McGlew,fmcglew4n@wsj.com,9380.56
11140,Kalina,Preuvost,kpreuvost4o@omniture.com,2959.13
13873,Darb,Theobald,dtheobald4p@geocities.com,10111.87
20998,Sheppard,Stelli,sstelli4q@tiny.cc,8163.8
13824,Berte,Seaton,bseaton4r@imageshack.us,19150.61
17434,Jackie,Cluely,jcluely4s@plala.or.jp,10968.31
28056,Colline,Lonnon,clonnon4t@delicious.com,1685.25
25579,Holly,Chattaway,hchattaway4u@reuters.com,5290.73
20308,Evanne,McNickle,emcnickle4v@ca.gov,5284.35
19724,Charlotta,Latimer,clatimer4w@ehow.com,1446.79
20666,Lorenza,Butters,lbutters4x@aboutads.info,9852.13
23211,Merill,Ceaplen,mceaplen4y@globo.com,13727.23
29791,Ebeneser,Mityushin,emityushin4z@i2i.jp,3811.48
20764,Forrest,Aloshikin,faloshikin50@oaic.gov.au,5801.42
27433,Thorpe,Fripps,tfripps51@hao123.com,17158.5
13120,Lynnea,Kolakovic,lkolakovic52@xinhuanet.com,4724.22
21914,Ronny,Crut,rcrut53@fema.gov,3023.51
16055,Emilie,Brandes,ebrandes54@opensource.org,7244.46
27854,Charmain,Milley,cmilley55@nymag.com,8828.81
16735,Anette,Cockrill,acockrill56@g.co,9736.94
11563,Tyne,Frisby,tfrisby57@toplist.cz,9237.91
13411,Jeanne,Rowles,jrowles58@liveinternet.ru,18442.71
10452,Desirae,Slessar,dslessar59@slate.com,11591.51
14662,Gena,Concannon,gconcannon5a@auda.org.au,7410.66
28694,Sheba,Dericut,sdericut5b@ca.gov,16377.84
26736,Clayborn,Eddolls,ceddolls5c@hhs.gov,10285.2
13046,Suzanna,Dykas,sdykas5d@answers.com,660.95
23917,Berny,Ridgway,bridgway5e@skyrock.com,4864.7
16696,Leslie,Pochin,lpochin5f@gravatar.com,19569.5
26424,Xerxes,Geany,xgeany5g@yandex.ru,14658.16
18493,Olag,Brugemann,obrugemann5h@tumblr.com,4276.2
18897,Talbert,Gaskamp,tgaskamp5i@a8.net,3020.9
29872,Terrance,Brack,tbrack5j@tinyurl.com,4042.82
27404,Reinhard,Casetta,rcasetta5k@creativecommons.org,18689.29
16674,Alessandro,Callender,acallender5l@bloglovin.com,6750.15
16619,Cyndi,Chrippes,cchrippes5m@toplist.cz,7023.01
24365,Renault,Knowlman,rknowlman5n@gravatar.com,2022.59
10473,Lissi,Gabotti,lgabotti5o@issuu.com,18265.65
28426,Blanca,Greenlees,bgreenlees5p@jiathis.com,15354.48
22919,Eilis,Hurrion,ehurrion5q@imageshack.us,15421.6
16065,Dulce,Maron,dmaron5r@go.com,12982.13
15701,Lethia,Shilliday,lshilliday5s@shop-pro.jp,3093.05
11182,Aretha,Haycock,ahaycock5t@sciencedaily.com,9928.08
21099,Harman,Venour,hvenour5u@friendfeed.com,14686.19
12795,Tynan,Willbourne,twillbourne5v@nifty.com,19870.23
10714,Herbert,Brahams,hbrahams5w@google.co.uk,928.67
23202,Orelia,Cromer,ocromer5x@wikia.com,519.72
12374,Keen,MacLaig,kmaclaig5y@alexa.com,2574.57
23237,Jessi,Senussi,jsenussi5z@unc.edu,2345.44
26449,Kirbie,Redgate,kredgate60@e-recht24.de,8467.14
18075,Arley,Banthorpe,abanthorpe61@tinyurl.com,5488.3
12265,Florentia,McNicol,fmcnicol62@yahoo.co.jp,12778.43
15591,Kelwin,Kneller,kkneller63@adobe.com,19856.67
23796,Salomone,McPheat,smcpheat64@people.com.cn,18283.12
16205,Kennedy,Seaking,kseaking65@pcworld.com,18199.33
22841,Orbadiah,Phettiplace,ophettiplace66@purevolume.com,19407.27
25504,Dion,Kimmins,dkimmins67@cpanel.net,17206.01
10223,Cassie,Yarnall,cyarnall68@about.com,14665.27
19611,Perry,Tansley,ptansley69@mayoclinic.com,10932.59
26810,Clare,Mocker,cmocker6a@latimes.com,2346.8
27965,Beaufort,Gilbride,bgilbride6b@prnewswire.com,14061.91
28849,Cece,Gland,cgland6c@bing.com,1397.49
27931,Ibby,Guidotti,iguidotti6d@yahoo.co.jp,10815.1
15338,Cynde,Rackam,crackam6e@ocn.ne.jp,19190.88
27359,Feliks,Barendtsen,fbarendtsen6f@ox.ac.uk,15781.55
10749,Janey,Yakushkev,jyakushkev6g@cbslocal.com,19190.98
14048,Latashia,Tift,ltift6h@marketwatch.com,602.38
24931,Ardelia,Gliddon,agliddon6i@usgs.gov,662.31
14997,Rosmunda,Tilford,rtilford6j@blogs.com,3172.25
18251,Gayelord,Coules,gcoules6k@lycos.com,4150.36
11302,Aarika,Niset,aniset6l@typepad.com,683.57
19496,Gonzales,Blune,gblune6m@examiner.com,12436.02
18460,Abelard,Beernaert,abeernaert6n@list-manage.com,8837.04
13889,Auberta,Vinden,avinden6o@cbsnews.com,15789.69
15887,Manon,Coleridge,mcoleridge6p@washingtonpost.com,13995.84
11428,Christoforo,Riddiough,criddiough6q@nature.com,7291.65
25265,Heddie,Artharg,hartharg6r@example.com,13927.46
23789,Ursala,Bentham3,ubentham6s@tmall.com,16751.8
12499,Ciel,MacFadin,cmacfadin6t@psu.edu,5029.35
15995,Konstantin,Czajkowska,kczajkowska6u@biblegateway.com,6643.23
12301,Hill,Mcettrick,hmcettrick6v@last.fm,4144.4
20282,Gavan,Schneidau,gschneidau6w@nyu.edu,7116.17
10958,Laureen,Elfes,lelfes6x@patch.com,11802.35
20702,Rossie,Joliffe,rjoliffe6y@economist.com,13125.42
26468,Willamina,Pennino,wpennino6z@hao123.com,16445.35
12095,Janene,Owers,jowers70@theatlantic.com,12707.37
25555,Ysabel,Thairs,ythairs71@wunderground.com,5154.33
18313,Nickola,Genders,ngenders72@hhs.gov,12841.77
21276,Yevette,Zellmer,yzellmer73@biglobe.ne.jp,7087.35
23052,Robenia,Mikalski,rmikalski74@yellowpages.com,12055.6
11488,Logan,Drakard,ldrakard75@1688.com,6047.17
27832,Silvio,Whieldon,swhieldon76@pen.io,921.37
22342,L;urette,Loftie,lloftie77@youtube.com,15147.46
18605,Bel,Connick,bconnick78@yolasite.com,7378.12
20943,Clemente,Antonsson,cantonsson79@t-online.de,19732.37
13985,Arlette,Acuna,aacuna7a@nhs.uk,19651.82
17222,Matty,Bickersteth,mbickersteth7b@weibo.com,19208.6
22441,Conny,Kille,ckille7c@disqus.com,2257.47
24880,Isaak,Ottery,iottery7d@chronoengine.com,18196.12
19597,Rivi,Prenty,rprenty7e@weather.com,2592.3
17335,Vera,Kolodziej,vkolodziej7f@alexa.com,19912.84
26856,Rafaelita,Playdon,rplaydon7g@nydailynews.com,19294.26
15364,Jemmy,Shinefield,jshinefield7h@multiply.com,13087.79
17030,Jannelle,Gurwood,jgurwood7i@cisco.com,5553.19
17655,Leodora,Lowne,llowne7j@bigcartel.com,5756.04
18938,Alaric,Wafer,awafer7k@wufoo.com,12647.29
14114,Harrison,Forbear,hforbear7l@ox.ac.uk,15983.75
13273,Hailey,Robertacci,hrobertacci7m@earthlink.net,19241.98
10264,Beverlie,Ballsdon,bballsdon7n@washingtonpost.com,10405.12
25629,Brandi,Fitzpayn,bfitzpayn7o@hc360.com,9950.32
17670,Patti,Caldaro,pcaldaro7p@accuweather.com,3396.63
19250,Cindelyn,McConnell,cmcconnell7q@technorati.com,6781.74
21202,Madonna,Abeles,mabeles7r@ted.com,1533.96
26546,Keslie,Ottosen,kottosen7s@unblog.fr,1644.61
29071,Eleonora,MacKaig,emackaig7t@whitehouse.gov,3419.22
17589,Tarra,Bauman,tbauman7u@w3.org,19362.14
19647,Caron,Sygrove,csygrove7v@istockphoto.com,9613.27
22903,Torrance,Mahaddy,tmahaddy7w@cdbaby.com,1002.67
13253,Pall,Lowne,plowne7x@etsy.com,1797.29
20226,Patricia,Blanning,pblanning7y@intel.com,15375.66
25878,Opaline,Coneybeare,oconeybeare7z@nih.gov,12360.5
11601,Tally,Dollman,tdollman80@columbia.edu,2991.51
17568,Felisha,Burkart,fburkart81@state.gov,2846.1
19551,Dara,Peddersen,dpeddersen82@soup.io,11339.21
19962,Emlen,Maffeo,emaffeo83@cloudflare.com,9729.43
18508,Anet,Legrand,alegrand84@bloomberg.com,4196.27
23964,Edith,Grimsdith,egrimsdith85@ustream.tv,19587.11
11585,Monro,Inge,minge86@webs.com,18822.73
18969,Wylma,Fitchet,wfitchet87@blog.com,16906.53
15958,Lorianna,Banstead,lbanstead88@cargocollective.com,1838.25
29825,Ronalda,Fetherston,rfetherston89@marketwatch.com,16633.05
22228,Elia,Deeth,edeeth8a@ftc.gov,11860.56
11230,Devin,Bolding,dbolding8b@quantcast.com,12098.91
27228,Kareem,Kettell,kkettell8c@barnesandnoble.com,16757.91
13546,Frederigo,Zanussii,fzanussii8d@nature.com,9899.9
15493,Kory,Dignon,kdignon8e@alexa.com,5770.61
23682,Rouvin,Riguard,rriguard8f@example.com,14261.81
19287,Mendy,Falkous,mfalkous8g@nsw.gov.au,8026.34
29691,Indira,Vyvyan,ivyvyan8h@nasa.gov,14737.2
16008,Lothaire,Scarsbrick,lscarsbrick8i@cafepress.com,10488.11
21724,Janna,Andriulis,jandriulis8j@elpais.com,17231.05
15667,Genny,Feldstein,gfeldstein8k@geocities.jp,19435.42
20337,Wallie,Peacham,wpeacham8l@statcounter.com,10720.27
29379,Ham,Goodlet,hgoodlet8m@deliciousdays.com,12341.13
21897,Carin,Kincey,ckincey8n@virginia.edu,3985.81
29379,Rosie,Eric,reric8o@omniture.com,9558.26
14893,Marge,Smithe,msmithe8p@scientificamerican.com,6333.02
25011,Legra,Clitsome,lclitsome8q@fc2.com,9389.1
12360,Dee,O'Murtagh,domurtagh8r@home.pl,2539.6
25473,Shara,Bignal,sbignal8s@engadget.com,7030.13
25672,Way,Pritchett,wpritchett8t@mayoclinic.com,16656.04
23650,Tades,Theurer,ttheurer8u@myspace.com,12707.64
24331,Derk,Bienvenu,dbienvenu8v@rediff.com,9096.75
14002,Jill,Janssens,jjanssens8w@desdev.cn,18264.47
21328,Abie,Tumasian,atumasian8x@utexas.edu,17657.28
16810,Davidde,Aggus,daggus8y@typepad.com,16135.89
27876,Dilly,Stive,dstive8z@techcrunch.com,5759.88
25612,Karmen,Fugere,kfugere90@hexun.com,14759.9
22888,Rhianon,Berryann,rberryann91@cisco.com,18974.6
15782,Stafani,Earngy,searngy92@jimdo.com,17173.07
12437,Vin,Stave,vstave93@vinaora.com,12481.95
27634,Fletcher,Hansberry,fhansberry94@sina.com.cn,446.86
19130,Ruby,Burdin,rburdin95@dailymotion.com,3296.93
28305,Elyn,Wallentin,ewallentin96@reverbnation.com,8213.96
24793,Suzanna,Livings,slivings97@diigo.com,12200.84
12909,Kamilah,Labbet,klabbet98@columbia.edu,9122.46
22436,Bobine,Rioch,brioch99@mail.ru,8264.86
11203,Renelle,Maryet,rmaryet9a@dailymail.co.uk,9893.67
16921,Uta,Lindores,ulindores9b@blinklist.com,18961.2
18701,Lucita,Roseburgh,lroseburgh9c@mozilla.org,5552.53
15096,Valry,Klimkin,vklimkin9d@hubpages.com,3277.15
10348,Adda,Germon,agermon9e@oakley.com,2169.4
16999,Christi,Doding,cdoding9f@cisco.com,1790.23
19772,Chandra,MacCaig,cmaccaig9g@narod.ru,19496.59
17755,Pierce,De La Hay,pdelahay9h@abc.net.au,19743.09
23551,Nial,Wint,nwint9i@guardian.co.uk,17281.79
10255,Jessie,Bubear,jbubear9j@bravesites.com,4777.97
21636,Damon,Maggs,dmaggs9k@odnoklassniki.ru,19227.75
25433,Waylon,Warrior,wwarrior9l@free.fr,17018.29
16989,Trudi,Flamank,tflamank9m@biglobe.ne.jp,4130.82
27506,Norbie,Covil,ncovil9n@state.tx.us,8673.56
26785,Tobe,Kordovani,tkordovani9o@newyorker.com,17264.33
13903,Fifi,Pickle,fpickle9p@nps.gov,17062.81
25308,Consalve,Ballchin,cballchin9q@dyndns.org,6530.55
26307,Dov,Lindwall,dlindwall9r@omniture.com,3524.13
21653,Ford,Venning,fvenning9s@google.cn,2802.57
24155,Jamima,Lawtie,jlawtie9t@scribd.com,1416.71
18112,Steffie,Holhouse,sholhouse9u@xinhuanet.com,1324.45
12613,Ola,Leaton,oleaton9v@miibeian.gov.cn,18640.36
23100,Aprilette,Gritsunov,agritsunov9w@merriam-webster.com,15596.22
13338,Georgianna,Tilson,gtilson9x@adobe.com,2503.73
11087,Graig,Birrell,gbirrell9y@surveymonkey.com,14104.36
16360,Hughie,Burwood,hburwood9z@google.de,6678.58
26258,Westbrooke,Curson,wcursona0@answers.com,9050.34
20362,Doralynne,Shwalbe,dshwalbea1@mediafire.com,14523.82
19166,Kati,Celes,kcelesa2@java.com,8776.3
16036,Marcello,Aleksashin,maleksashina3@apache.org,6434.37
14932,Melody,Attwell,mattwella4@state.gov,7869.02
14569,Alecia,Gatling,agatlinga5@un.org,5015.96
29528,Sanderson,Brahm,sbrahma6@webmd.com,3177.77
23461,Base,Calbert,bcalberta7@mail.ru,3413.11
10628,Coriss,Hughf,chughfa8@yahoo.com,12088.82
12793,Helen,Antoniat,hantoniata9@mit.edu,926.58
27572,Hersh,Schwerin,hschwerinaa@over-blog.com,16808.49
22917,Arda,Loxly,aloxlyab@cafepress.com,998.09
14562,Dennison,Case,dcaseac@plala.or.jp,805.02
18484,Jaquenetta,Hambling,jhamblingad@who.int,2264.19
12237,Sibel,O'Grogane,sogroganeae@irs.gov,3825.41
22398,Mitzi,Tupman,mtupmanaf@marriott.com,5321.95
13874,Joshia,Parram,jparramag@amazon.de,14175.85
12232,Katharine,Upshall,kupshallah@indiegogo.com,13191.82
27230,Reta,Challicum,rchallicumai@mozilla.org,11077.33
27931,Shena,Varsey,svarseyaj@arizona.edu,3928.02
14145,Kellby,Kemmet,kkemmetak@de.vu,2015.77
14338,Edgard,Howkins,ehowkinsal@smugmug.com,8915.65
17277,Stevie,Leteurtre,sleteurtream@deviantart.com,15504.94
21701,Anton,McCabe,amccabean@sphinn.com,4906.21
22162,Myrwyn,Dunsire,mdunsireao@gizmodo.com,7012.65
28636,Ophelia,Draycott,odraycottap@soundcloud.com,7603.63
14880,Aurea,Cozins,acozinsaq@histats.com,13435.6
26426,Lianne,Menzies,lmenziesar@ucoz.ru,3954.94
14630,Erin,Gwillim,egwillimas@rediff.com,17007.83
29640,Nettie,Unitt,nunittat@oakley.com,6888.38
20912,Delmore,Rooson,droosonau@quantcast.com,8435.13
21567,Randy,Jankiewicz,rjankiewiczav@wikia.com,9442.51
23541,Verena,Venard,vvenardaw@com.com,17074.83
16767,Janifer,Brient,jbrientax@ed.gov,10617.83
21400,Hermie,Birks,hbirksay@photobucket.com,6230.28
22710,Brit,Walton,bwaltonaz@npr.org,2158.88
23934,Homer,Beddingham,hbeddinghamb0@istockphoto.com,16673.41
22866,Tomi,Wiggett,twiggettb1@cbslocal.com,2694.71
10916,Michael,McCay,mmccayb2@state.gov,16148.67
22421,Nicolai,Ximenez,nximenezb3@go.com,12591.57
16030,Humberto,MacCaffery,hmaccafferyb4@e-recht24.de,17573.58
15637,Jeannette,Gawith,jgawithb5@sciencedaily.com,13540.07
19483,Sallyann,Smitheram,ssmitheramb6@slideshare.net,19450.13
10328,Abbey,Stitch,astitchb7@angelfire.com,11570.13
20307,Dodie,Newick,dnewickb8@example.com,15532.55
23371,Trix,Colleck,tcolleckb9@chron.com,10273.7
18955,Donalt,Grafham,dgrafhamba@earthlink.net,7115.58
29323,Cosme,Yashnov,cyashnovbb@ucsd.edu,5454.9
18553,Cissiee,Sivior,csiviorbc@booking.com,16063.92
29869,Billie,Menaul,bmenaulbd@xrea.com,13266.16
15386,Penelope,Lipson,plipsonbe@goo.ne.jp,4605.18
21355,Dougie,Theyer,dtheyerbf@bandcamp.com,19912.75
13384,Hakim,Bulch,hbulchbg@theglobeandmail.com,17455.91
18488,Lelia,Chapelhow,lchapelhowbh@ucla.edu,9985.25
28299,Bentley,Viall,bviallbi@google.com.au,4144.43
10513,Hogan,McWhorter,hmcwhorterbj@angelfire.com,13093.01
26577,Helenelizabeth,Barsby,hbarsbybk@adobe.com,3798.18
24182,Flin,Voak,fvoakbl@spotify.com,11509.97
24107,Cecelia,Heskins,cheskinsbm@trellian.com,19870.47
20926,Denice,Brammer,dbrammerbn@prweb.com,5719.28
10021,Merridie,Gallehock,mgallehockbo@homestead.com,6511.27
13611,Somerset,Essery,sesserybp@seattletimes.com,14873.46
11057,Ursula,Casillas,ucasillasbq@spiegel.de,5686.01
20661,Alicea,Clew,aclewbr@senate.gov,9183.63
19118,Constance,Crone,ccronebs@latimes.com,1931.11
19886,Donalt,Gonnelly,dgonnellybt@smugmug.com,1449.81
13116,Gerty,Pareman,gparemanbu@sakura.ne.jp,9251.83
12888,Ardys,Cook,acookbv@freewebs.com,17394.31
11177,Carol-jean,Powner,cpownerbw@nps.gov,17484.54
11581,Madison,Caldow,mcaldowbx@wikimedia.org,4272.2
29757,Emeline,Loveitt,eloveittby@accuweather.com,4891.71
18055,Rubin,Northrop,rnorthropbz@ebay.co.uk,18798.25
12369,Meghan,Arias,mariasc0@un.org,4696.6
26945,Cortney,Steinham,csteinhamc1@shareasale.com,11373.33
19020,Emylee,Spellissy,espellissyc2@oakley.com,10061.39
22760,Kerstin,Tchaikovsky,ktchaikovskyc3@intel.com,13730.78
18099,Armstrong,Dummer,adummerc4@ycombinator.com,8940.51
12182,Zia,Thumim,zthumimc5@businessweek.com,1003.59
11900,Ximenez,Bitcheno,xbitchenoc6@mediafire.com,1766.32
16820,Staford,Ethelston,sethelstonc7@tripadvisor.com,4639.43
18052,Lonna,Newitt,lnewittc8@youtube.com,9839.88
20034,Early,Feaver,efeaverc9@springer.com,1732.51
26303,Rod,Lapping,rlappingca@infoseek.co.jp,13772.33
16070,Olivier,Audus,oauduscb@sciencedirect.com,19044.74
15896,Elisabet,Jaulmes,ejaulmescc@networkadvertising.org,6317.49
15661,Donny,Wickendon,dwickendoncd@illinois.edu,17639.21
15614,Torrance,Arnault,tarnaultce@nifty.com,16590.61
21945,Celestina,Jowett,cjowettcf@themeforest.net,3206.65
16655,Ada,Tether,atethercg@seesaa.net,8585.25
16573,Marjory,Bogue,mboguech@chron.com,10084.94
19398,Munmro,Simenot,msimenotci@sitemeter.com,16009.92
18717,Eda,Jimmison,ejimmisoncj@businessinsider.com,417.64
20198,Naoma,Learmount,nlearmountck@yelp.com,3655.13
25939,Sibelle,Oldacres,soldacrescl@craigslist.org,1071.87
29091,Oralie,Jack,ojackcm@blogger.com,6811.47
29873,Ancell,Corkell,acorkellcn@weather.com,1969.88
18678,Rivalee,Rennie,rrennieco@tinyurl.com,19835.04
20051,Brewer,Burdus,bburduscp@networksolutions.com,9549.87
25234,Nydia,Speenden,nspeendencq@abc.net.au,15891.07
20032,Orv,Burfield,oburfieldcr@admin.ch,15579.96
20421,Cale,Dabs,cdabscs@bloglovin.com,8499.41
28374,Benetta,Hatje,bhatject@hao123.com,1653.93
26605,Augie,Westmacott,awestmacottcu@bigcartel.com,7872.04
17002,Linn,Ronchka,lronchkacv@php.net,16026.3
25075,Mil,Presland,mpreslandcw@kickstarter.com,96.99
14769,Lois,Milkins,lmilkinscx@arizona.edu,12638.37
13756,Yancey,Le Page,ylepagecy@blogtalkradio.com,8029.61
10601,Vivianne,Childes,vchildescz@mozilla.org,15740.14
25389,Meredith,Pernell,mpernelld0@hugedomains.com,17088.7
20098,Armin,Dumphry,adumphryd1@sourceforge.net,11285.79
22468,Nessy,France,nfranced2@mlb.com,13187.61
20627,Nichols,Calverley,ncalverleyd3@globo.com,7921.32
10439,Tiffi,Yanele,tyaneled4@globo.com,1506.12
19654,Burgess,Hayhow,bhayhowd5@dropbox.com,6909.79
25295,Ana,Campo,acampod6@indiegogo.com,19530.11
28554,Clea,Cunio,ccuniod7@sogou.com,8345.63
14817,Donn,Mowne,dmowned8@addthis.com,612.03
24526,Juliette,Gulk,jgulkd9@godaddy.com,14734.28
26637,Ally,Hugnin,ahugninda@google.com.hk,8427.06
22179,Georgi,Saltwell,gsaltwelldb@usnews.com,17924.92
11597,Gypsy,Leeburne,gleeburnedc@free.fr,1210.06
19998,Perren,Gilhooly,pgilhoolydd@ocn.ne.jp,13880.75
19661,Lise,Weedall,lweedallde@hugedomains.com,9271.46
12455,Dermot,Byrde,dbyrdedf@answers.com,2201.54
24718,Sabina,Dorking,sdorkingdg@gov.uk,11674.84
29828,Eadie,Albro,ealbrodh@yahoo.com,18186.77
21777,Nikkie,Nowakowska,nnowakowskadi@kickstarter.com,5779.03
23279,Abbie,Chasson,achassondj@github.io,1269.92
17161,Dorita,Dowdall,ddowdalldk@guardian.co.uk,2015.58
20434,Omar,Pauleau,opauleaudl@apache.org,19560.44
24303,Arleen,Edmans,aedmansdm@state.tx.us,5163.28
27592,Christie,Sambles,csamblesdn@washington.edu,7509.52
21152,Ainsley,Baulcombe,abaulcombedo@is.gd,18081.76
24136,Luigi,Fussell,lfusselldp@salon.com,2538.22
16178,Vitoria,Greser,vgreserdq@opensource.org,2899.46
16542,Sileas,Brinkler,sbrinklerdr@paginegialle.it,19732.54
13084,Megen,Abrahams,mabrahamsds@baidu.com,17285.92
25147,Kath,Segges,kseggesdt@quantcast.com,11298.51
26136,Dre,Raycroft,draycroftdu@forbes.com,2805.68
15260,Mycah,Lenton,mlentondv@tripod.com,3442.0
21486,Ruddy,Wetherhead,rwetherheaddw@tiny.cc,8953.93
15777,Leon,Halling,lhallingdx@issuu.com,1115.88
23417,Netty,Christie,nchristiedy@examiner.com,15169.3
21065,Elita,Kingsman,ekingsmandz@indiegogo.com,2413.02
16495,Obadias,Runciman,oruncimane0@wikia.com,11979.88
25460,Valeda,Prop,vprope1@google.fr,12727.8
28136,Vincenz,Carrabot,vcarrabote2@yolasite.com,7172.8
20529,Killie,Tunny,ktunnye3@lycos.com,17850.74
14119,Viviana,Pittaway,vpittawaye4@sbwire.com,19417.95
28385,Jefferey,McQuorkel,jmcquorkele5@twitter.com,52.15
13324,Jehu,Mainwaring,jmainwaringe6@so-net.ne.jp,14964.43
24196,Mendie,Caddock,mcaddocke7@edublogs.org,12012.22
20903,Shandeigh,Ferrelli,sferrellie8@go.com,4497.3
21871,Florencia,O'Donovan,fodonovane9@cdc.gov,12893.77
14092,Haskel,Demer,hdemerea@joomla.org,12063.76
23060,Leoline,Dasent,ldasenteb@symantec.com,14107.58
11745,Keene,Schaffel,kschaffelec@mlb.com,19066.84
19547,Ursa,Sallier,usalliered@virginia.edu,1712.49
20796,Jessee,Bartoleyn,jbartoleynee@posterous.com,14415.44
26571,Amery,Tatlowe,atatloweef@soundcloud.com,880.03
25937,Margret,Ashworth,mashwortheg@hexun.com,16654.16
25530,Sinclare,MacGuiness,smacguinesseh@nifty.com,3707.02
26972,Lyndy,Lansdale,llansdaleei@engadget.com,16214.46
22577,Armando,Couroy,acouroyej@biblegateway.com,18443.64
24529,Fergus,Rich,frichek@nasa.gov,18969.46
28385,Haven,Kenealy,hkenealyel@jiathis.com,4678.87
22998,Karrie,Moxson,kmoxsonem@google.co.jp,14314.25
22329,Ingemar,Woolger,iwoolgeren@blogger.com,6058.49
18719,Patrick,Toyne,ptoyneeo@ovh.net,4260.5
22908,Bernette,Littlekit,blittlekitep@ask.com,9132.33
19007,Monroe,Dover,mdovereq@dyndns.org,16212.32
27718,Roman,Fannin,rfanniner@google.ca,19518.01
10495,Bea,Escalero,bescaleroes@ted.com,19389.1
10697,Kristina,Stokes,kstokeset@google.it,14201.0
12149,Caty,Halkyard,chalkyardeu@joomla.org,11325.24
11741,Dilan,Byles,dbylesev@hostgator.com,17174.63
21644,Carly,Pringle,cpringleew@cnet.com,13893.2
18437,Barton,O' Scallan,boscallanex@home.pl,6096.37
23850,Samaria,Dawtry,sdawtryey@feedburner.com,1048.09
19179,Fred,Stronack,fstronackez@github.io,12877.35
10793,Miltie,Redford,mredfordf0@t-online.de,17621.27
14812,Salmon,Dormer,sdormerf1@etsy.com,19184.15
14877,Judon,Fick,jfickf2@nifty.com,19141.24
27442,Romain,Bown,rbownf3@whitehouse.gov,6812.39
13177,Arden,Worledge,aworledgef4@google.co.jp,12252.63
19396,Robert,Varker,rvarkerf5@sitemeter.com,8150.55
27028,Laetitia,Boecke,lboeckef6@icq.com,3007.16
10657,Gail,McClinton,gmcclintonf7@wiley.com,8667.81
27743,Nady,O'Fairy,nofairyf8@technorati.com,11877.01
26889,Angus,Hulke,ahulkef9@nifty.com,15696.83
10434,Tyrone,Zoppo,tzoppofa@printfriendly.com,9377.35
15023,Rhody,Walework,rwaleworkfb@list-manage.com,11195.27
10909,Fabio,Staunton,fstauntonfc@nhs.uk,8508.37
20110,Marylou,Moran,mmoranfd@bloglines.com,10594.3
23792,Stanleigh,Cregan,screganfe@surveymonkey.com,10341.12
22672,Ermin,Vanyakin,evanyakinff@sciencedirect.com,10145.32
24757,Frannie,Flockhart,fflockhartfg@europa.eu,8151.47
21265,Nobie,Overy,noveryfh@npr.org,11902.11
21519,Ivory,Fairlaw,ifairlawfi@bigcartel.com,15619.54
21116,Prescott,Rekes,prekesfj@amazon.de,8318.49
14834,Karia,Conti,kcontifk@columbia.edu,19226.18
14763,Farlee,Cullin,fcullinfl@fotki.com,18865.76
10661,Brigit,Pretsell,bpretsellfm@prweb.com,17462.05
27091,Concettina,Forward,cforwardfn@businessinsider.com,7290.48
22181,Ivie,Fitter,ifitterfo@goo.ne.jp,17700.47
11595,Beatrix,Well,bwellfp@icio.us,14889.91
28075,Neville,Coffin,ncoffinfq@zimbio.com,9049.28
13848,Laurel,Giacovelli,lgiacovellifr@cbsnews.com,9740.38
15826,Brandice,De Beauchemp,bdebeauchempfs@stumbleupon.com,7274.12
26612,Kirstin,Lait,klaitft@tmall.com,10497.96
23873,Selie,Heigho,sheighofu@fda.gov,10878.42
14230,Filberte,Badsworth,fbadsworthfv@mail.ru,16370.81
17906,Mathilda,Simmill,msimmillfw@hao123.com,2297.19
11871,Chryste,Slany,cslanyfx@people.com.cn,17509.11
13826,Augusta,Forster,aforsterfy@de.vu,19961.07
18729,Annabella,Plumb,aplumbfz@people.com.cn,8866.22
21633,Kaylyn,Vokes,kvokesg0@creativecommons.org,10692.96
21221,Susi,Kipping,skippingg1@tumblr.com,19754.31
27985,Lauree,Aylward,laylwardg2@ustream.tv,7750.58
29627,Christoper,Castillou,ccastilloug3@odnoklassniki.ru,5586.56
16338,Mariette,Spavon,mspavong4@ow.ly,17694.26
10728,Wat,Coull,wcoullg5@ft.com,2846.31
28230,Katya,Swinburn,kswinburng6@about.com,16822.2
18394,Neilla,Avieson,naviesong7@github.com,11025.41
21222,Christiana,Treneman,ctrenemang8@dailymail.co.uk,3852.12
27389,Scot,Dionisio,sdionisiog9@ameblo.jp,19678.86
14634,Sella,Darrow,sdarrowga@eepurl.com,9094.35
17164,Seana,Stiff,sstiffgb@wikimedia.org,15652.2
20067,Phillip,Bradford,pbradfordgc@amazon.co.uk,15895.65
10232,Flinn,Suero,fsuerogd@blogtalkradio.com,4837.83
14775,Shelton,Londer,slonderge@friendfeed.com,8639.05
18870,Currey,Ricardet,cricardetgf@accuweather.com,12416.05
11695,Alexandr,Crinage,acrinagegg@histats.com,2289.67
12130,Sauncho,Reubel,sreubelgh@livejournal.com,17696.23
24917,Damara,Doumic,ddoumicgi@nba.com,3401.04
25660,Sigrid,Giorgeschi,sgiorgeschigj@nsw.gov.au,8534.89
19168,Bat,Deighton,bdeightongk@domainmarket.com,16638.35
19993,Shirley,Tedman,stedmangl@sakura.ne.jp,4313.64
14238,Sapphire,Grubey,sgrubeygm@abc.net.au,8718.12
22536,Ailey,Northover,anorthovergn@about.com,5193.85
17651,Alene,Caulcutt,acaulcuttgo@angelfire.com,275.32
29873,Darcy,Domanski,ddomanskigp@marriott.com,1962.89
14330,Ashleigh,Klugel,aklugelgq@eventbrite.com,7558.08
15516,Camilla,Scholling,cschollinggr@taobao.com,16173.24
27248,Skye,Mea,smeags@chronoengine.com,2689.46
17981,Park,Cuardall,pcuardallgt@live.com,16345.13
27854,Filip,Leftly,fleftlygu@utexas.edu,11164.62
18998,Shanta,Heugle,sheuglegv@google.com.br,10493.5
25527,Pall,Blincow,pblincowgw@istockphoto.com,1574.92
25182,Timoteo,Laffan,tlaffangx@amazon.co.uk,11042.21
27053,Paule,Dreschler,pdreschlergy@t.co,1224.91
14603,Maighdiln,Munning,mmunninggz@vimeo.com,1180.45
15648,Erena,Skain,eskainh0@yahoo.co.jp,19436.96
11191,Cam,Checcuzzi,ccheccuzzih1@hatena.ne.jp,14345.95
20158,Germain,Denge,gdengeh2@archive.org,17023.69
26268,Floris,Spittles,fspittlesh3@msn.com,5495.45
22426,Maggie,Roskruge,mroskrugeh4@time.com,11530.04
23110,Nollie,Rau,nrauh5@rediff.com,8619.75
26444,Esta,Pye,epyeh6@businessinsider.com,9291.57
22305,Liva,Coucha,lcouchah7@psu.edu,19052.67
21044,Fancie,Niese,fnieseh8@51.la,7225.12
26179,Lucretia,Linnett,llinnetth9@opera.com,726.62
17045,Lavina,Reuven,lreuvenha@oracle.com,11771.78
16302,Carlos,Haglington,chaglingtonhb@howstuffworks.com,2041.68
22781,Gretta,Shalloo,gshalloohc@scientificamerican.com,15187.56
17973,Irwin,Haggus,ihaggushd@networksolutions.com,16006.29
12144,Marlo,Moriarty,mmoriartyhe@imdb.com,10928.14
12541,Lauren,Degoe,ldegoehf@ca.gov,8696.64
24674,Genny,Janisson,gjanissonhg@disqus.com,17578.54
16092,Pat,Pedrol,ppedrolhh@a8.net,5542.25
18945,Vergil,Hefner,vhefnerhi@ask.com,16129.72
28439,Charisse,Steed,csteedhj@blogger.com,15838.05
16497,Cristie,MacNeice,cmacneicehk@bloglovin.com,5456.62
28257,Lilas,Ravenhill,lravenhillhl@histats.com,4066.26
13403,Peadar,Whorton,pwhortonhm@alibaba.com,6147.4
18922,Nichols,Hagston,nhagstonhn@bloomberg.com,12996.98
29872,Mehetabel,Brame,mbrameho@wiley.com,4481.22
18434,Cathe,Wrenn,cwrennhp@engadget.com,2045.79
23550,Josepha,Searchwell,jsearchwellhq@wikipedia.org,6946.54
18286,Verina,Grigori,vgrigorihr@eepurl.com,10702.21
14525,Celine,Node,cnodehs@cisco.com,16868.73
28020,Fanchon,Shout,fshoutht@pbs.org,17613.14
19566,Ethelyn,Simonetto,esimonettohu@multiply.com,7585.53
13516,Phillis,Banishevitz,pbanishevitzhv@networksolutions.com,9386.65
22827,Mufinella,Ambrogi,mambrogihw@mail.ru,9732.96
17747,Jerrie,Josovich,jjosovichhx@1688.com,8034.68
24746,Roxy,Katz,rkatzhy@samsung.com,5709.81
16655,Nike,Winkell,nwinkellhz@amazon.co.jp,9308.69
17289,Elita,Pedersen,epederseni0@omniture.com,12433.05
20239,Michaelina,Phear,mpheari1@weibo.com,17012.72
27865,Aeriela,Phizackerly,aphizackerlyi2@indiatimes.com,3384.19
21075,Leonardo,Dunley,ldunleyi3@berkeley.edu,4899.68
23738,Britte,McGeever,bmcgeeveri4@upenn.edu,7333.43
20851,Claude,Claasen,cclaaseni5@sfgate.com,5211.67
13800,Pate,Vaz,pvazi6@jimdo.com,16710.77
10278,Jacquenetta,Dowsett,jdowsetti7@icq.com,3928.39
24031,Claudelle,Doy,cdoyi8@i2i.jp,7791.72
11324,Danny,Carding,dcardingi9@t-online.de,6454.41
17482,Kelci,Abrashkin,kabrashkinia@bbb.org,8729.49
17152,Lesly,Levitt,llevittib@oracle.com,859.22
25675,Mikel,Roelofsen,mroelofsenic@who.int,5797.48
20578,Shurwood,Toderbrugge,stoderbruggeid@nationalgeographic.com,8047.71
19352,Tobe,Baudinelli,tbaudinelliie@clickbank.net,16742.81
26013,Dianna,Holbarrow,dholbarrowif@kickstarter.com,6291.89
20587,Ave,Greedyer,agreedyerig@last.fm,3656.52
27205,Pippo,Gumey,pgumeyih@independent.co.uk,9098.25
15906,Andrei,Servis,aservisii@istockphoto.com,15824.75
12186,Armstrong,Moehler,amoehlerij@washingtonpost.com,6254.15
15941,Rosemarie,Shoveller,rshovellerik@i2i.jp,2629.73
15612,Berkley,Benitez,bbenitezil@spiegel.de,11321.57
27396,Griffy,Broose,gbrooseim@discovery.com,7012.78
12725,Leslie,Purnell,lpurnellin@noaa.gov,13945.56
29217,Tami,Treadaway,ttreadawayio@spotify.com,16230.46
26809,Brigitta,Jime,bjimeip@wordpress.org,19424.01
26871,Darryl,Malthus,dmalthusiq@technorati.com,8566.77
19891,Rozalie,McCarver,rmccarverir@linkedin.com,5596.94
28686,Em,Sterrick,esterrickis@sun.com,2263.65
26156,Lenka,McGurgan,lmcgurganit@webs.com,2735.18
29311,Drusilla,MacLice,dmacliceiu@so-net.ne.jp,8793.28
20287,Walden,Collocott,wcollocottiv@about.com,18327.78
22262,Gustaf,Gitting,ggittingiw@va.gov,910.63
29274,Moses,Andriessen,mandriessenix@smh.com.au,11082.18
13118,Hy,Fruchter,hfruchteriy@army.mil,11113.16
15036,Vergil,Durrant,vdurrantiz@salon.com,19778.33
28099,Stillmann,McAvin,smcavinj0@github.com,14389.86
18356,Hannis,Lambertini,hlambertinij1@unc.edu,17630.79
14563,Keelby,Provost,kprovostj2@noaa.gov,17942.97
22555,Susana,Cristofor,scristoforj3@bluehost.com,14600.11
11426,Daisi,Bolstridge,dbolstridgej4@globo.com,5350.44
29508,Lexie,Abdey,labdeyj5@homestead.com,17736.75
17613,Ed,Elphinston,eelphinstonj6@shareasale.com,6342.55
18350,Cathryn,Longland,clonglandj7@washington.edu,10351.79
16285,Blaine,Raulstone,braulstonej8@cnn.com,9477.5
29819,Aeriel,Rowbury,arowburyj9@fc2.com,9617.27
19920,Maressa,Deme,mdemeja@odnoklassniki.ru,8890.75
17377,Shellie,Brezlaw,sbrezlawjb@java.com,17711.19
14995,Porty,Lippiett,plippiettjc@bizjournals.com,14768.23
17499,Stephen,Knaggs,sknaggsjd@exblog.jp,19398.58
15088,Opalina,Brokenshire,obrokenshireje@sbwire.com,2186.1
29119,Boony,Haughton,bhaughtonjf@oakley.com,7135.14
21255,Hyacinth,Messenbird,hmessenbirdjg@google.com,6325.34
24277,Ilyse,De Bernardis,idebernardisjh@joomla.org,4683.73
11130,Shela,Tran,stranji@apple.com,7511.65
12718,Devin,Fotitt,dfotittjj@joomla.org,16227.8
12879,Vania,Dy,vdyjk@altervista.org,5087.24
14925,Iormina,Okker,iokkerjl@auda.org.au,1058.73
18395,Shirlee,Howson,showsonjm@usa.gov,13998.26
23712,Gardner,Bareford,gbarefordjn@imageshack.us,14952.34
21239,Natividad,Reihm,nreihmjo@psu.edu,9550.39
13072,Tommy,Rookes,trookesjp@wsj.com,2077.5
25478,Daphene,Lanahan,dlanahanjq@last.fm,2220.83
27317,Patrizio,Pedlar,ppedlarjr@patch.com,16962.2
10503,Lindsey,Ridge,lridgejs@ed.gov,17333.84
22942,Ruthann,Bohlin,rbohlinjt@privacy.gov.au,19780.34
20598,Forrest,Lisciardelli,flisciardelliju@jigsy.com,8953.95
27738,Morley,Pimbley,mpimbleyjv@facebook.com,1455.68
12980,Tobye,Conelly,tconellyjw@yahoo.co.jp,19726.85
15854,Johann,Baggot,jbaggotjx@cloudflare.com,759.09
10047,Anni,Dearnaly,adearnalyjy@macromedia.com,10946.81
17652,Craig,Underhill,cunderhilljz@trellian.com,14969.32
14689,Maggi,Perry,mperryk0@deviantart.com,6410.73
10460,Jessalin,Kesterton,jkestertonk1@t-online.de,5873.6
17164,Quinta,Almon,qalmonk2@opera.com,18169.47
13518,Tiff,Robertsson,trobertssonk3@oakley.com,8718.84
21399,Marylou,Norledge,mnorledgek4@yellowpages.com,15308.1
28290,Nonna,Graith,ngraithk5@google.com,16232.55
18240,Audry,Harnetty,aharnettyk6@parallels.com,13267.14
13193,Sig,Soares,ssoaresk7@oakley.com,4525.57
28637,Cecil,Fidock,cfidockk8@pcworld.com,5256.44
26968,Pascale,Bradmore,pbradmorek9@google.fr,5017.87
19192,Morgan,Foggarty,mfoggartyka@un.org,19278.85
13453,Latrena,Morkham,lmorkhamkb@dailymail.co.uk,6137.86
21934,Benedicta,Wisdom,bwisdomkc@uol.com.br,12093.17
17684,Bernardina,Larkworthy,blarkworthykd@scientificamerican.com,6344.94
11552,Cal,Eaglen,ceaglenke@miitbeian.gov.cn,11722.56
20336,Brnaby,Hinemoor,bhinemoorkf@salon.com,7107.25
12296,Philbert,Carrivick,pcarrivickkg@cyberchimps.com,5487.29
28086,Lee,Middlewick,lmiddlewickkh@icq.com,839.59
10753,Mozes,Halshaw,mhalshawki@dailymotion.com,11309.68
29620,Cilka,Yakovl,cyakovlkj@posterous.com,11541.11
22795,Minne,Cammock,mcammockkk@mtv.com,11168.84
12558,Gertrud,Sparrowe,gsparrowekl@oakley.com,6853.81
21373,Essie,Tyrone,etyronekm@edublogs.org,3098.47
14591,Francesca,Snoddin,fsnoddinkn@nhs.uk,17825.91
29990,Aleda,Yantsev,ayantsevko@scribd.com,11818.25
22597,Gavrielle,McDiarmid,gmcdiarmidkp@statcounter.com,15254.64
19341,Gibbie,Bucher,gbucherkq@gov.uk,5841.34
11625,Portia,de Clerc,pdeclerckr@globo.com,3493.11
20588,Waylin,Van Arsdale,wvanarsdaleks@salon.com,4167.91
25806,Keefe,Glasebrook,kglasebrookkt@wiley.com,13931.98
19440,Bone,Caddy,bcaddyku@indiegogo.com,11522.73
20176,Becca,Nunan,bnunankv@cyberchimps.com,8936.56
26858,Sherwin,Marian,smariankw@digg.com,8329.67
12456,Janey,Bruty,jbrutykx@kickstarter.com,5456.5
11894,Scarlett,Buterton,sbutertonky@php.net,17806.77
24014,Egor,Cantwell,ecantwellkz@networksolutions.com,5266.3
16945,Valeda,Sanham,vsanhaml0@tumblr.com,6901.63
11153,Eduino,Queripel,equeripell1@soundcloud.com,9114.44
18061,Penn,Greggs,pgreggsl2@cloudflare.com,4482.67
23637,Alana,Brugmann,abrugmannl3@4shared.com,6122.15
26129,Emeline,MacMaykin,emacmaykinl4@tripod.com,18579.12
28745,Kittie,Colisbe,kcolisbel5@simplemachines.org,14815.51
18068,Redford,Bushby,rbushbyl6@wix.com,19170.88
19668,Levey,Gisburn,lgisburnl7@netscape.com,13028.83
23992,Skyler,Kernan,skernanl8@over-blog.com,127.74
18495,Broderick,Crebo,bcrebol9@xrea.com,4527.71
22606,Denney,Gostall,dgostallla@privacy.gov.au,3572.85
10727,Hildegarde,Halwill,hhalwilllb@w3.org,10568.21
25147,Mackenzie,Blakeman,mblakemanlc@about.me,4127.51
29342,Di,Frisdick,dfrisdickld@china.com.cn,13530.25
16081,Brigg,Columbell,bcolumbellle@nydailynews.com,12365.57
16497,Aharon,Cressar,acressarlf@howstuffworks.com,19964.89
25500,Sherman,Trivett,strivettlg@dell.com,2965.59
25019,Charmane,Rediers,credierslh@mysql.com,9360.12
21320,Jessa,Vanyushkin,jvanyushkinli@whitehouse.gov,17817.78
27479,Elbertine,Bourcq,ebourcqlj@google.co.jp,9975.62
16118,Denice,Sherme,dshermelk@statcounter.com,1411.4
11646,Carey,Kettell,ckettellll@oracle.com,10678.33
29456,Mara,Sumsion,msumsionlm@ehow.com,18670.89
25273,Constanta,Djurkovic,cdjurkovicln@japanpost.jp,13241.34
25628,Dana,Burl,dburllo@nifty.com,9439.16
17722,Tani,Mulrenan,tmulrenanlp@sphinn.com,6229.85
18203,Yolanda,Crick,ycricklq@amazon.de,15528.48
23980,Mack,Rawlison,mrawlisonlr@hud.gov,518.96
21764,Belvia,Rubrow,brubrowls@plala.or.jp,6118.19
14706,Valenka,Corteis,vcorteislt@csmonitor.com,16054.94
29793,Prent,Blythin,pblythinlu@youku.com,462.88
16899,Kevina,Luciano,klucianolv@newyorker.com,16644.91
22923,Lettie,Elven,lelvenlw@google.ca,7068.61
18572,Lexis,Meller,lmellerlx@gmpg.org,15160.46
29543,Nial,Reeves,nreevesly@netscape.com,16161.41
18849,Donny,Gaynesford,dgaynesfordlz@bbb.org,17599.02
19119,Ethe,Farre,efarrem0@google.com.br,13570.18
23313,Pauly,Bould,pbouldm1@phpbb.com,14851.09
14851,Danyelle,McKie,dmckiem2@mail.ru,13194.06
22315,Merle,Abreheart,mabreheartm3@list-manage.com,2405.41
18423,Jeramey,Athridge,jathridgem4@blogger.com,9942.71
14543,Gary,Crosoer,gcrosoerm5@quantcast.com,16416.49
14986,Gilligan,Burling,gburlingm6@e-recht24.de,9162.08
29527,Evangelina,McElvine,emcelvinem7@slashdot.org,12782.17
25888,Claudian,Hanhart,chanhartm8@kickstarter.com,10427.17
16790,Fallon,Mucklow,fmucklowm9@studiopress.com,5518.74
26076,Lila,Valente,lvalentema@a8.net,11755.88
19965,Derril,Ouslem,douslemmb@qq.com,2965.14
20710,Essy,Yancey,eyanceymc@163.com,5340.88
15113,Ferdinanda,Stronge,fstrongemd@about.me,16225.18
18859,Zara,Westfield,zwestfieldme@techcrunch.com,18734.46
13853,Farrell,Ritchard,fritchardmf@columbia.edu,8109.05
13913,Gillie,Adlam,gadlammg@lycos.com,12760.79
12663,Allyn,Brabham,abrabhammh@sohu.com,13050.59
16721,Goddard,MacGall,gmacgallmi@bluehost.com,11003.59
24781,Kata,Heardman,kheardmanmj@discovery.com,18624.45
16754,Amber,Leeson,aleesonmk@gizmodo.com,8774.53
29909,Venus,Slyvester,vslyvesterml@icq.com,11734.87
12547,Candie,Dickinson,cdickinsonmm@cocolog-nifty.com,18982.76
14932,Godfry,Glisane,gglisanemn@trellian.com,6038.54
29720,Wilek,Dreamer,wdreamermo@etsy.com,10801.04
12493,Judy,Walcher,jwalchermp@reference.com,14035.64
22688,Deanna,Hilbourne,dhilbournemq@whitehouse.gov,19474.16
16802,Konstanze,Penreth,kpenrethmr@eventbrite.com,3143.51
21678,Randal,Powlett,rpowlettms@typepad.com,5042.63
29814,Ilka,Purle,ipurlemt@nytimes.com,13771.47
11776,Valdemar,Palffy,vpalffymu@plala.or.jp,7948.82
15103,Bendicty,Spriggen,bspriggenmv@nytimes.com,3358.89
24473,Harv,Snoxell,hsnoxellmw@cyberchimps.com,7586.76
17372,Issy,Rolin,irolinmx@ibm.com,9809.58
18984,Huntington,Lanceter,hlancetermy@un.org,19645.58
25357,Lind,Dubique,ldubiquemz@wordpress.com,7217.28
29687,Garnet,Linney,glinneyn0@meetup.com,8882.89
27169,Say,Mathy,smathyn1@hp.com,8473.07
27547,Gena,Benedtti,gbenedttin2@salon.com,16597.87
19725,Jake,Bauman,jbaumann3@people.com.cn,3150.44
19321,Bessy,Ferrar,bferrarn4@geocities.jp,17050.28
19910,Lisha,Olennikov,lolennikovn5@webeden.co.uk,931.36
24505,Marsiella,Gobolos,mgobolosn6@yellowpages.com,12447.31
22651,Eveleen,Dumper,edumpern7@prweb.com,12960.59
11074,Esmeralda,de Keep,edekeepn8@prnewswire.com,6265.49
10864,Ruperta,Durkin,rdurkinn9@latimes.com,424.88
14270,Bennie,Beccera,bbeccerana@ftc.gov,5384.6
20973,Dosi,Duiguid,dduiguidnb@amazon.co.jp,15052.43
21481,Miltie,Langshaw,mlangshawnc@newyorker.com,16661.33
10330,Simona,Wildsmith,swildsmithnd@issuu.com,8020.39
12822,Torin,Darington,tdaringtonne@sakura.ne.jp,34.61
28607,Tomasine,Blanpein,tblanpeinnf@house.gov,11271.06
23443,Georgeanna,Cleere,gcleereng@ebay.com,12141.62
22606,Major,MacMeeking,mmacmeekingnh@dyndns.org,9975.65
13256,Rickert,Ivanisov,rivanisovni@nih.gov,5881.43
19849,Angelle,Cuseick,acuseicknj@addtoany.com,3290.96
15686,Neall,Chattell,nchattellnk@va.gov,17596.9
19237,Kip,Tuft,ktuftnl@multiply.com,17103.39
25702,Chantalle,Moscon,cmosconnm@wiley.com,12122.85
14054,Vonnie,Stirgess,vstirgessnn@indiatimes.com,5324.5
28940,Dimitry,Blasik,dblasikno@storify.com,4175.02
24311,L;urette,Critten,lcrittennp@php.net,16651.72
24113,Marybeth,Kemetz,mkemetznq@plala.or.jp,18584.05
28523,Whit,Wolsey,wwolseynr@artisteer.com,19227.45
24970,Ruby,Jansey,rjanseyns@t-online.de,2504.56
20704,Willis,Nattriss,wnattrissnt@tuttocitta.it,585.7
26280,Olympia,Sich,osichnu@diigo.com,17269.05
26602,Alli,Bineham,abinehamnv@behance.net,7936.36
10346,Eziechiele,Reis,ereisnw@sogou.com,5794.82
10547,Marleen,Castelletti,mcastellettinx@meetup.com,17853.11
15341,Blondelle,Brunotti,bbrunottiny@dion.ne.jp,12355.25
10990,Dillie,McGonnell,dmcgonnellnz@i2i.jp,2549.93
20033,Tonia,Marshland,tmarshlando0@photobucket.com,2595.1
26721,Deanna,Kohen,dkoheno1@oakley.com,12151.74
11707,Foster,Scorah,fscoraho2@xing.com,2575.12
15707,Cornelle,Haestier,chaestiero3@prlog.org,11471.2
20782,Napoleon,Kerans,nkeranso4@issuu.com,10185.64
14092,Norina,McFeat,nmcfeato5@yandex.ru,8435.83
14770,Constancia,Loade,cloadeo6@i2i.jp,14499.68
27570,Kelvin,Landers,klanderso7@macromedia.com,8034.92
15224,Myrtle,Monte,mmonteo8@bing.com,9583.41
11884,Ring,Inglesant,ringlesanto9@spotify.com,4136.48
12326,Burr,Vaughan-Hughes,bvaughanhughesoa@hc360.com,4890.15
26806,Wells,Ellcome,wellcomeob@cpanel.net,17871.35
16267,Lucia,MacAlees,lmacaleesoc@cisco.com,7238.61
29130,Zsa zsa,MacAughtrie,zmacaughtrieod@gmpg.org,12048.3
19119,Freedman,Golda,fgoldaoe@nationalgeographic.com,7400.12
16874,Osbert,Blethyn,oblethynof@google.co.uk,18567.3
21917,Clarke,Ivory,civoryog@skype.com,13499.14
20461,Torie,Graeser,tgraeseroh@printfriendly.com,13187.67
23050,Dietrich,Coytes,dcoytesoi@twitter.com,11307.99
24139,Carmela,Montfort,cmontfortoj@squidoo.com,3120.12
10994,Gerda,Hardman,ghardmanok@washington.edu,15622.06
21187,Jethro,Stennine,jstennineol@gmpg.org,5844.36
17604,Andy,Maestrini,amaestriniom@moonfruit.com,6121.04
29171,Amos,Causley,acausleyon@sohu.com,9111.15
13300,Louise,Degoy,ldegoyoo@merriam-webster.com,7993.56
26096,Papageno,Britland,pbritlandop@google.es,5097.28
20815,Elwyn,Pybworth,epybworthoq@fema.gov,3503.28
13476,Jo-anne,Varns,jvarnsor@homestead.com,6322.01
25337,Legra,Barwack,lbarwackos@slate.com,19708.23
14042,Thedric,Gras,tgrasot@cbsnews.com,1466.21
29019,Keenan,Lovel,klovelou@dot.gov,6315.27
21850,Britney,Snow,bsnowov@sohu.com,9197.13
15136,Jammie,Gosby,jgosbyow@dedecms.com,1095.32
28877,Raquela,Fetterplace,rfetterplaceox@examiner.com,4177.24
29047,Karine,Yakobowitch,kyakobowitchoy@imageshack.us,18374.99
24428,Jammie,Chaudret,jchaudretoz@skype.com,2592.32
27631,Florella,Epdell,fepdellp0@mayoclinic.com,14866.87
28975,Karlens,Skeermer,kskeermerp1@dyndns.org,10887.72
14069,Esme,Gowers,egowersp2@ustream.tv,5009.41
15121,Bell,Nibloe,bnibloep3@spiegel.de,3952.0
29017,Saul,Hotton,shottonp4@t-online.de,19723.63
23242,Vito,Varey,vvareyp5@yale.edu,4949.8
12310,Alejoa,Matyukon,amatyukonp6@xinhuanet.com,18425.66
28700,Siobhan,Cowdrey,scowdreyp7@hubpages.com,12632.19
11668,Lynnette,Slocumb,lslocumbp8@themeforest.net,9858.94
12781,Hephzibah,Perrone,hperronep9@goo.gl,6312.92
26864,Betteanne,Pavey,bpaveypa@berkeley.edu,8052.46
13444,Pavel,Staden,pstadenpb@jalbum.net,4945.59
17858,Doti,Faltin,dfaltinpc@facebook.com,5160.83
12878,Truman,Kramer,tkramerpd@google.ru,7090.85
10933,Jessa,Lissemore,jlissemorepe@theatlantic.com,10984.82
10399,Boyd,Sinney,bsinneypf@eepurl.com,13246.5
23110,Barbabas,Lund,blundpg@squidoo.com,8955.46
27171,Emmerich,Tiddeman,etiddemanph@people.com.cn,3357.81
26315,Con,Garrad,cgarradpi@nasa.gov,306.6
16672,Anneliese,Jelliman,ajellimanpj@gnu.org,16482.3
15477,Cher,Woodruff,cwoodruffpk@mtv.com,16300.13
26492,Morena,Schimpke,mschimpkepl@is.gd,17091.96
20175,Welch,Shugg,wshuggpm@squarespace.com,824.82
20560,Sansone,Piddle,spiddlepn@mysql.com,10621.27
12158,Kristofer,Kuhnel,kkuhnelpo@unblog.fr,5506.67
28926,Raimund,Ramshaw,rramshawpp@123-reg.co.uk,11309.26
21477,Mabelle,Ellcome,mellcomepq@gmpg.org,9209.45
14326,Andre,Mount,amountpr@bing.com,5326.55
28363,Barrie,Grimmert,bgrimmertps@soundcloud.com,14152.41
13953,Fernande,Lortzing,flortzingpt@archive.org,4253.62
21682,Dulcea,Edden,deddenpu@vinaora.com,2781.92
11128,Lorin,Billin,lbillinpv@gmpg.org,16207.76
15786,Shannen,Beecker,sbeeckerpw@disqus.com,7286.04
25629,Ainslee,Casserly,acasserlypx@arizona.edu,11569.27
21961,Casper,Ambrosi,cambrosipy@jugem.jp,2794.84
19984,Avram,Brace,abracepz@mit.edu,15077.35
19005,Steve,Ellin,sellinq0@tinyurl.com,7179.54
12220,Rasla,McEntee,rmcenteeq1@washingtonpost.com,841.63
19797,Shell,Pressman,spressmanq2@google.fr,3969.75
21861,Auberta,Lepper,alepperq3@google.com.br,19609.48
20265,Christal,Aldrich,caldrichq4@huffingtonpost.com,17933.46
18217,Melinde,Sidney,msidneyq5@bbb.org,11322.48
21969,Griffy,Annon,gannonq6@yellowbook.com,16825.05
17069,Marcia,Redfern,mredfernq7@histats.com,14249.65
17511,Paige,Vale,pvaleq8@google.it,5071.37
28663,Binky,McFadden,bmcfaddenq9@imgur.com,723.07
11297,Britteny,Duffin,bduffinqa@ucoz.ru,11813.03
20420,Benji,Priden,bpridenqb@businessinsider.com,15449.73
13772,Marianna,Dryburgh,mdryburghqc@ifeng.com,17143.66
21840,Karmen,Carff,kcarffqd@utexas.edu,13197.79
24169,Zaccaria,Beckinsall,zbeckinsallqe@ifeng.com,12739.62
18472,Alice,Dellit,adellitqf@kickstarter.com,19622.86
24235,Drusy,Shinton,dshintonqg@ustream.tv,3372.01
23414,Ruperto,Elis,relisqh@scientificamerican.com,4270.56
13941,Penelopa,Lovitt,plovittqi@linkedin.com,13564.7
25876,Sidonia,Lampbrecht,slampbrechtqj@gizmodo.com,8905.52
25633,Wolf,Curneen,wcurneenqk@indiegogo.com,3992.28
29441,Felice,Baldi,fbaldiql@over-blog.com,2274.2
21756,Ortensia,Reese,oreeseqm@aboutads.info,6087.47
28207,Cherilyn,McBayne,cmcbayneqn@netlog.com,8774.85
13741,Llewellyn,Bruineman,lbruinemanqo@chronoengine.com,11835.98
19863,Katleen,Latek,klatekqp@slashdot.org,2125.83
11055,Berkie,Grover,bgroverqq@instagram.com,11188.65
13041,Chuck,Triggs,ctriggsqr@dion.ne.jp,18233.99
15670,Sybil,Tash,stashqs@cdc.gov,7871.37
20589,Harriet,Humby,hhumbyqt@goo.gl,3120.48
21536,Harvey,Proby,hprobyqu@skyrock.com,11233.56
11516,Clotilda,Raubenheim,craubenheimqv@opera.com,4733.41
29032,Linnea,Ladbrook,lladbrookqw@adobe.com,14562.17
24569,Andy,Bearcock,abearcockqx@marriott.com,7686.46
21545,Anet,Tuckwood,atuckwoodqy@bigcartel.com,4244.25
12856,Ingrim,Blissitt,iblissittqz@thetimes.co.uk,3513.36
16694,Rudolph,Inskipp,rinskippr0@ovh.net,11653.07
10382,Kris,Bellee,kbelleer1@alexa.com,5243.36
29573,Ilka,Skin,iskinr2@youtu.be,17597.03
18752,Maurizio,Andrus,mandrusr3@nbcnews.com,19263.84
24710,Ignacio,Codner,icodnerr4@theatlantic.com,14984.4
17913,Franzen,Mee,fmeer5@china.com.cn,11460.65
11907,Marena,Cords,mcordsr6@woothemes.com,19730.5
14678,Aleksandr,Wanless,awanlessr7@addthis.com,11857.73
17895,Sheila-kathryn,Bauer,sbauerr8@boston.com,16916.26
25133,Liuka,Gaywood,lgaywoodr9@usnews.com,3891.83
28107,Herby,Mesias,hmesiasra@ebay.co.uk,17894.2
17119,Erminia,Bernard,ebernardrb@scientificamerican.com,12896.29
28713,Lincoln,Vezey,lvezeyrc@pinterest.com,15176.79
22352,Miguelita,Whitney,mwhitneyrd@blogger.com,19457.73
16034,Abby,Fasse,afassere@wikipedia.org,17990.65
25121,Quentin,Kienlein,qkienleinrf@istockphoto.com,2406.19
17055,Denyse,Camilleri,dcamillerirg@abc.net.au,10011.34
29264,Barthel,Cosgrive,bcosgriverh@mac.com,5636.97
20539,Stephan,Wemm,swemmri@hatena.ne.jp,14348.11
17146,Miranda,Scrimshire,mscrimshirerj@salon.com,11553.07
24317,Florian,Sincock,fsincockrk@miitbeian.gov.cn,17476.21
16974,Korrie,Midlane,kmidlanerl@cdc.gov,8034.53
16944,Kennett,Priddey,kpriddeyrm@springer.com,11363.52
19484,Corrianne,Gyngell,cgyngellrn@meetup.com,1484.12
27669,Issi,Yegorchenkov,iyegorchenkovro@zdnet.com,17367.21
27424,Laetitia,Kopf,lkopfrp@i2i.jp,9836.96
19815,Susana,Emmanuele,semmanuelerq@chicagotribune.com,14149.85
24048,Remus,Moorcroft,rmoorcroftrr@amazonaws.com,10036.46
